<?xml version="1.0" encoding="UTF-8"?>
<beans xmlns="http://www.springframework.org/schema/beans"
	xmlns:xsi="http://www.w3.org/2001/XMLSchema-instance"
	xsi:schemaLocation="http://www.springframework.org/schema/beans http://www.springframework.org/schema/beans/spring-beans-4.0.xsd">

	<!-- 配置连接池 -->
 	<!-- <bean id="dataSource" class="com.jolbox.bonecp.BoneCPDataSource"
		destroy-method="close">
		数据库驱动
		<property name="driverClass" value="${oracle.jdbc.driver}" />
		相应驱动的jdbcUrl
		<property name="jdbcUrl" value="${oracle.jdbc.url}" />
		数据库的用户名
		<property name="username" value="${oracle.jdbc.username}" />
		数据库的密码
		<property name="password" value="${oracle.jdbc.password}" />
		检查数据库连接池中空闲连接的间隔时间，单位是分，默认值：240，如果要取消则设置为0
		<property name="idleConnectionTestPeriodInMinutes" value="${jdbc.idleConnectionTestPeriodInMinutes}" />
		连接池中未使用的链接最大存活时间，单位是分，默认值：60，如果要永远存活设置为0
		<property name="idleMaxAgeInMinutes" value="${jdbc.idleMaxAgeInMinutes}" />
		每个分区最大的连接数
		<property name="maxConnectionsPerPartition" value="${jdbc.maxConnectionsPerPartition}" />
		每个分区最小的连接数
		<property name="minConnectionsPerPartition" value="${jdbc.minConnectionsPerPartition}" />
		分区数
		<property name="partitionCount" value="${jdbc.partitionCount}" />
		当连接池中的连接耗尽的时候一次同时获取的连接数
		<property name="acquireIncrement" value="${jdbc.acquireIncrement}" />
		缓存prepared statements的大小
		<property name="statementsCacheSize" value="${jdbc.statementsCacheSize}" />
	</bean>  -->
	
	
	<!-- 配置连接池 -->
	<bean id="dataSource" class="org.springframework.jndi.JndiObjectFactoryBean">
		<!-- 数据库驱动 -->
		 <property name="jndiName" value="${jdbc.jndiName}"/>  
	</bean>

</beans>
