<?xml version="1.0" encoding="UTF-8"?>
<beans xmlns="http://www.springframework.org/schema/beans"
	xmlns:xsi="http://www.w3.org/2001/XMLSchema-instance"
	xsi:schemaLocation="http://www.springframework.org/schema/beans http://www.springframework.org/schema/beans/spring-beans-4.0.xsd">

	<!-- define sqlsessionfactory -->
	<bean id="sqlSessionFactory" class="org.mybatis.spring.SqlSessionFactoryBean">
		<!-- 配置数据源 -->
		<property name="dataSource" ref="dataSource" />
		<!-- 定义mapper扫描 -->
		<property name="mapperLocations" value="classpath:mybatis/mapper/*Mapper.xml" />
		<!-- mybatis配置文件位置 -->
		<property name="configLocation" value="classpath:mybatis/mybatis-config.xml" />
		<!-- 配置类型别名扫描器 -->
		<property name="typeAliasesPackage" value="com.want.sso.pojo" />
	</bean>

	<bean class="org.mybatis.spring.mapper.MapperScannerConfigurer">
		<!-- 如果配置多个mapper的路径，可以使用，进行分割 -->
		<property name="basePackage" value="com.want.sso.mapper" />
		<!-- 可省略，定义多数据源时，必须配置此项，且属性名为：sqlSessionFactoryBeanName -->
		<property name="sqlSessionFactoryBeanName" value="sqlSessionFactory" />
	</bean>

</beans>