<?xml version="1.0" encoding="UTF-8"?>
<beans xmlns="http://www.springframework.org/schema/beans"
	xmlns:context="http://www.springframework.org/schema/context"
	xmlns:xsi="http://www.w3.org/2001/XMLSchema-instance"
	xsi:schemaLocation="http://www.springframework.org/schema/beans http://www.springframework.org/schema/beans/spring-beans-4.0.xsd
		http://www.springframework.org/schema/context http://www.springframework.org/schema/context/spring-context-4.0.xsd">

	<!-- import properties -->
	<context:property-placeholder location="classpath:properties/*.properties" />
	<!-- 扫描包 -->
	<context:component-scan base-package="com.want" />

	<!-- loginConfig配置 -->
	<bean id="loginConfig" class="com.want.sso.pojo.LoginConfig">
		<property name="vtCookieName" value="${vt.cookie.name}" />
		<property name="vtRedisMaxTime" value="${vt.redis.maxtime}" />
		<property name="ltCookieName" value="${lt.cookie.name}" />
		<property name="ltRedisMaxTime" value="${lt.redis.maxtime}" />
		<property name="ltCookieMaxTime" value="${lt.cookie.maxtime}" />
		<property name="loginViewName" value="${loginViewName}" />
		<property name="portalUrl" value="${portalUrl}" />
	</bean>
</beans>
