<?xml version="1.0" encoding="UTF-8"?>
<beans xmlns="http://www.springframework.org/schema/beans"
	xmlns:xsi="http://www.w3.org/2001/XMLSchema-instance"
	xsi:schemaLocation="http://www.springframework.org/schema/beans http://www.springframework.org/schema/beans/spring-beans-4.0.xsd">

	<!-- ldap配置 -->
	<bean id="contextSource" class="org.springframework.ldap.core.support.LdapContextSource">
		<property name="url" value="${ad.ldap.url}" />
		<property name="userDn" value="${ad.ldap.admin.dn}" />
		<property name="password" value="${ad.ldap.admin.password}" />
	</bean>

	<!-- spring代理 -->
	<bean id="contextSourceProxy"
		class="org.springframework.ldap.transaction.compensating.manager.TransactionAwareContextSourceProxy">
		<constructor-arg ref="contextSource" />
	</bean>

	<bean id="ldapTemplate" class="org.springframework.ldap.core.LdapTemplate">
		<constructor-arg ref="contextSourceProxy" />
	</bean>
</beans>