<?xml version="1.0" encoding="UTF-8"?>
<beans xmlns="http://www.springframework.org/schema/beans"
	xmlns:xsi="http://www.w3.org/2001/XMLSchema-instance" xmlns:p="http://www.springframework.org/schema/p"
	xmlns:context="http://www.springframework.org/schema/context"
	xmlns:mvc="http://www.springframework.org/schema/mvc"
	xsi:schemaLocation="http://www.springframework.org/schema/beans http://www.springframework.org/schema/beans/spring-beans-4.0.xsd
        http://www.springframework.org/schema/mvc http://www.springframework.org/schema/mvc/spring-mvc-4.0.xsd
        http://www.springframework.org/schema/context http://www.springframework.org/schema/context/spring-context-4.0.xsd">
	<!-- 系统集成 properties -->
	<context:property-placeholder location="classpath:properties/login.properties" />

	<!-- 注解驱动 -->
	<mvc:annotation-driven>
		<mvc:message-converters>
			<!-- 避免IE执行AJAX时,返回JSON出现下载文件和406问题 -->
			<bean id="mappingJacksonHttpMessageConverter"
				class="org.springframework.http.converter.json.MappingJackson2HttpMessageConverter">
				<property name="supportedMediaTypes">
					<list>
						<value>text/html;charset=UTF-8</value>
					</list>
				</property>
			</bean>
		</mvc:message-converters>
	</mvc:annotation-driven>
	<mvc:resources location="/image/" mapping="/image/**" />
	<mvc:resources location="/css/" mapping="/css/**" />
	<mvc:resources location="/js/" mapping="/js/**" />

	<!-- 扫描包 -->
	<context:component-scan base-package="com.want.sso.controller, com.want.sso.remote" />

	<!-- 视图解析器 -->
	<bean
		class="org.springframework.web.servlet.view.InternalResourceViewResolver">
		<property name="viewClass"
			value="org.springframework.web.servlet.view.JstlView" />
		<property name="prefix" value="/WEB-INF/view/" />
		<property name="suffix" value=".jsp" />
	</bean>

</beans>